appoint_id,patient_id,doctor_id,appoint_date,appont_time,reason,status
401,1001,101,01-09-2026,09:00,Routine checkup,Completed
402,1002,102,02-09-2026,10:30,Headache and dizziness,Completed
403,1003,103,03-09-2026,11:00,Knee pain,Completed
404,1004,104,04-09-2026,12:30,Fever,Completed
405,1005,105,05-09-2026,13:00,Skin allergy,Completed
406,1006,106,06-09-2026,14:30,Chest discomfort,Completed
407,1007,107,07-09-2026,15:00,Back pain,Completed
408,1008,108,08-09-2026,16:30,Cough and cold,Completed
409,1009,109,09-09-2026,09:00,Eye irritation,Completed
410,1010,110,10-09-2026,10:30,Ear pain,Completed
411,1011,111,11-09-2026,11:00,Breathing difficulty,Completed
412,1012,112,12-09-2026,12:30,Follow-up consultation,Completed
413,1013,113,13-09-2026,13:00,Routine checkup,Completed
414,1014,114,14-09-2026,14:30,Headache and dizziness,Completed
415,1015,115,15-09-2026,15:00,Knee pain,Completed
416,1016,116,16-09-2026,16:30,Fever,Completed
417,1017,117,17-09-2026,09:00,Skin allergy,Completed
418,1018,118,18-09-2026,10:30,Chest discomfort,Completed
419,1019,119,19-09-2026,11:00,Back pain,Completed
420,1020,120,20-09-2026,12:30,Cough and cold,Completed
421,1021,101,21-09-2026,13:00,Eye irritation,Completed
422,1022,102,22-09-2026,14:30,Ear pain,Completed
423,1023,103,23-09-2026,15:00,Breathing difficulty,Completed
424,1024,104,24-09-2026,16:30,Follow-up consultation,Completed
425,1025,105,25-09-2026,09:00,Routine checkup,Completed
426,1026,106,26-09-2026,10:30,Headache and dizziness,Scheduled
427,1027,107,27-09-2026,11:00,Knee pain,Scheduled
428,1028,108,28-09-2026,12:30,Fever,Scheduled
429,1029,109,29-09-2026,13:00,Skin allergy,Scheduled
430,1030,110,30-09-2026,14:30,Chest discomfort,Scheduled
431,1001,111,01-10-2026,15:00,Back pain,Scheduled
432,1002,112,02-10-2026,16:30,Cough and cold,Scheduled
433,1003,113,03-10-2026,09:00,Eye irritation,Scheduled
434,1004,114,04-10-2026,10:30,Ear pain,Scheduled
435,1005,115,05-10-2026,11:00,Breathing difficulty,Scheduled
436,1006,116,06-10-2026,12:30,Follow-up consultation,Scheduled
437,1007,117,07-10-2026,13:00,Routine checkup,Scheduled
438,1008,118,08-10-2026,14:30,Headache and dizziness,Cancelled
439,1009,119,09-10-2026,15:00,Knee pain,Cancelled
440,1010,120,10-10-2026,16:30,Fever,Cancelled
