bill_id,patient_id,appointment_id,bill_date,consultation_charge,medicine_charge,room_charge,other_charge,total_amount,bill_status
801,1001,401,01-09-2026,500,20.0,0,50,570.0,Paid
802,1002,402,02-09-2026,600,37.5,0,100,737.5,Paid
803,1003,403,03-09-2026,700,55.0,1000,150,1905.0,Pending
804,1004,404,04-09-2026,800,72.5,1800,200,2872.5,Paid
805,1005,405,05-09-2026,900,90.0,3000,50,4040.0,Pending
806,1006,406,06-09-2026,1000,107.5,6000,100,7207.5,Paid
807,1007,407,07-09-2026,500,125.0,0,150,775.0,Paid
808,1008,408,08-09-2026,600,142.5,0,200,942.5,Pending
809,1009,409,09-09-2026,700,160.0,1000,50,1910.0,Paid
810,1010,410,10-09-2026,800,177.5,1800,100,2877.5,Pending
811,1011,411,11-09-2026,900,195.0,3000,150,4245.0,Paid
812,1012,412,12-09-2026,1000,212.5,6000,200,7412.5,Paid
813,1013,413,13-09-2026,500,230.0,0,50,780.0,Pending
814,1014,414,14-09-2026,600,247.5,0,100,947.5,Paid
815,1015,415,15-09-2026,700,265.0,1000,150,2115.0,Pending
816,1016,416,16-09-2026,800,282.5,1800,200,3082.5,Paid
817,1017,417,17-09-2026,900,300.0,3000,50,4250.0,Paid
818,1018,418,18-09-2026,1000,317.5,6000,100,7417.5,Pending
819,1019,419,19-09-2026,500,335.0,0,150,985.0,Paid
820,1020,420,20-09-2026,600,352.5,0,200,1152.5,Pending
821,1021,421,21-09-2026,700,370.0,1000,50,2120.0,Paid
822,1022,422,22-09-2026,800,387.5,1800,100,3087.5,Paid
823,1023,423,23-09-2026,900,405.0,3000,150,4455.0,Pending
824,1024,424,24-09-2026,1000,422.5,6000,200,7622.5,Paid
825,1025,425,25-09-2026,500,440.0,0,50,990.0,Pending
826,1026,426,26-09-2026,600,457.5,0,100,1157.5,Paid
827,1027,427,27-09-2026,700,475.0,1000,150,2325.0,Paid
828,1028,428,28-09-2026,800,492.5,1800,200,3292.5,Pending
829,1029,429,29-09-2026,900,510.0,3000,50,4460.0,Paid
830,1030,430,30-09-2026,1000,27.5,6000,100,7127.5,Pending
