patient_id,patient_name,gender,dob,phone,email,address,blood_group,registration_date
1001,Arun Kumar,Male,01-01-1980,9000001001,patient1@example.com,Karur,O+,01-08-2026
1002,Priya Devi,Female,30-07-1980,9000001002,patient2@example.com,Chennai,A+,02-08-2026
1003,Rahul Raj,Male,26-02-1981,9000001003,patient3@example.com,Erode,B+,03-08-2026
1004,Meena Sharma,Female,25-09-1981,9000001004,patient4@example.com,Coimbatore,O-,04-08-2026
1005,Karthik Prakash,Male,24-04-1982,9000001005,patient5@example.com,Salem,AB+,05-08-2026
1006,Divya Menon,Female,21-11-1982,9000001006,patient6@example.com,Trichy,A-,06-08-2026
1007,Sanjay Rao,Male,20-06-1983,9000001007,patient7@example.com,Madurai,B-,07-08-2026
1008,Anitha Nair,Female,17-01-1984,9000001008,patient8@example.com,Tiruppur,AB-,08-08-2026
1009,Vignesh Babu,Male,15-08-1984,9000001009,patient9@example.com,Namakkal,O+,09-08-2026
1010,Lakshmi Iyer,Female,14-03-1985,9000001010,patient10@example.com,Vellore,A+,10-08-2026
1011,Ramesh Kumar,Male,11-10-1985,9000001011,patient11@example.com,Karur,B+,11-08-2026
1012,Swetha Devi,Female,10-05-1986,9000001012,patient12@example.com,Chennai,O-,12-08-2026
1013,Manoj Raj,Male,07-12-1986,9000001013,patient13@example.com,Erode,AB+,13-08-2026
1014,Kavitha Sharma,Female,06-07-1987,9000001014,patient14@example.com,Coimbatore,A-,14-08-2026
1015,Suresh Prakash,Male,02-02-1988,9000001015,patient15@example.com,Salem,B-,15-08-2026
1016,Deepa Menon,Female,31-08-1988,9000001016,patient16@example.com,Trichy,AB-,16-08-2026
1017,Vijay Rao,Male,30-03-1989,9000001017,patient17@example.com,Madurai,O+,17-08-2026
1018,Nandhini Nair,Female,27-10-1989,9000001018,patient18@example.com,Tiruppur,A+,18-08-2026
1019,Prakash Babu,Male,26-05-1990,9000001019,patient19@example.com,Namakkal,B+,19-08-2026
1020,Keerthana Iyer,Female,23-12-1990,9000001020,patient20@example.com,Vellore,O-,20-08-2026
1021,Gokul Kumar,Male,22-07-1991,9000001021,patient21@example.com,Karur,AB+,21-08-2026
1022,Harini Devi,Female,18-02-1992,9000001022,patient22@example.com,Chennai,A-,22-08-2026
1023,Dinesh Raj,Male,16-09-1992,9000001023,patient23@example.com,Erode,B-,23-08-2026
1024,Aishwarya Sharma,Female,15-04-1993,9000001024,patient24@example.com,Coimbatore,AB-,24-08-2026
1025,Mohan Prakash,Male,12-11-1993,9000001025,patient25@example.com,Salem,O+,25-08-2026
1026,Pooja Menon,Female,11-06-1994,9000001026,patient26@example.com,Trichy,A+,26-08-2026
1027,Surya Rao,Male,08-01-1995,9000001027,patient27@example.com,Madurai,B+,27-08-2026
1028,Revathi Nair,Female,07-08-1995,9000001028,patient28@example.com,Tiruppur,O-,28-08-2026
1029,Bala Babu,Male,05-03-1996,9000001029,patient29@example.com,Namakkal,AB+,29-08-2026
1030,Shalini Iyer,Female,02-10-1996,9000001030,patient30@example.com,Vellore,A-,30-08-2026
