payment_id,bill_id,payment_date,amount_paid,payment_method,payment_status
901,801,02-09-2026,300.0,Cash,Successful
902,802,03-09-2026,425.5,Card,Successful
903,803,04-09-2026,551.0,UPI,Successful
904,804,05-09-2026,676.5,Insurance,Pending
905,805,06-09-2026,802.0,Cash,Successful
906,806,07-09-2026,927.5,Card,Successful
907,807,08-09-2026,1053.0,UPI,Successful
908,808,09-09-2026,1178.5,Insurance,Successful
909,809,10-09-2026,1304.0,Cash,Pending
910,810,11-09-2026,1429.5,Card,Successful
911,811,12-09-2026,1555.0,UPI,Successful
912,812,13-09-2026,1680.5,Insurance,Successful
913,813,14-09-2026,1806.0,Cash,Successful
914,814,15-09-2026,1931.5,Card,Pending
915,815,16-09-2026,2057.0,UPI,Successful
916,816,17-09-2026,2182.5,Insurance,Successful
917,817,18-09-2026,2308.0,Cash,Successful
918,818,19-09-2026,2433.5,Card,Successful
919,819,20-09-2026,2559.0,UPI,Pending
920,820,21-09-2026,2684.5,Insurance,Successful
921,821,22-09-2026,2810.0,Cash,Successful
922,822,23-09-2026,2935.5,Card,Successful
923,823,24-09-2026,3061.0,UPI,Successful
924,824,25-09-2026,3186.5,Insurance,Pending
925,825,26-09-2026,3312.0,Cash,Successful
926,826,02-09-2026,3437.5,Card,Successful
927,827,03-09-2026,3563.0,UPI,Successful
928,828,04-09-2026,3688.5,Insurance,Successful
929,829,05-09-2026,3814.0,Cash,Pending
930,830,06-09-2026,3939.5,Card,Successful
931,801,07-09-2026,4065.0,UPI,Successful
932,802,08-09-2026,4190.5,Insurance,Successful
933,803,09-09-2026,4316.0,Cash,Successful
934,804,10-09-2026,4441.5,Card,Pending
935,805,11-09-2026,4567.0,UPI,Successful
