prescription_id,patient_id,doctor_id,prescription_date,notes
501,1001,101,02-09-2026,Take after food
502,1002,102,03-09-2026,Continue medication
503,1003,103,04-09-2026,Complete full course
504,1004,104,05-09-2026,Follow dosage instructions
505,1005,105,06-09-2026,Take after food
506,1006,106,07-09-2026,Continue medication
507,1007,107,08-09-2026,Complete full course
508,1008,108,09-09-2026,Follow dosage instructions
509,1009,109,10-09-2026,Take after food
510,1010,110,11-09-2026,Continue medication
511,1011,111,12-09-2026,Complete full course
512,1012,112,13-09-2026,Follow dosage instructions
513,1013,113,14-09-2026,Take after food
514,1014,114,15-09-2026,Continue medication
515,1015,115,16-09-2026,Complete full course
516,1016,116,17-09-2026,Follow dosage instructions
517,1017,117,18-09-2026,Take after food
518,1018,118,19-09-2026,Continue medication
519,1019,119,20-09-2026,Complete full course
520,1020,120,21-09-2026,Follow dosage instructions
521,1021,101,22-09-2026,Take after food
522,1022,102,23-09-2026,Continue medication
523,1023,103,24-09-2026,Complete full course
524,1024,104,25-09-2026,Follow dosage instructions
525,1025,105,26-09-2026,Take after food
