room_id,room_number,room_type,floor_number,daily_charge,status
301,101,General,1,1000,Available
302,102,Semi-Private,1,1800,Occupied
303,103,Private,1,3000,Available
304,104,ICU,1,6000,Occupied
305,105,Emergency,1,4500,Maintenance
306,106,General,1,1000,Available
307,107,Semi-Private,1,1800,Occupied
308,108,Private,2,3000,Available
309,109,ICU,2,6000,Occupied
310,110,Emergency,2,4500,Maintenance
311,111,General,2,1000,Available
312,112,Semi-Private,2,1800,Occupied
313,113,Private,2,3000,Available
314,114,ICU,2,6000,Occupied
315,115,Emergency,3,4500,Maintenance
316,116,General,3,1000,Available
317,117,Semi-Private,3,1800,Occupied
318,118,Private,3,3000,Available
319,119,ICU,3,6000,Occupied
320,120,Emergency,3,4500,Maintenance
